Smartphone,Brand,Model,RAM,Storage,Color,Free,Final Price
Realme C55 8/256GB Sunshower Libre,Realme,C55,8,256,Yellow,Yes,231.6
Samsung Galaxy M23 5G 4/128GB Azul Libre,Samsung,Galaxy M23,4,128,Blue,Yes,279.0
Motorola Moto G13 4/128GB Azul Lavanda Libre,Motorola,Moto G13,4,128,Blue,Yes,179.01
Xiaomi Redmi Note 11S 6/128GB Gris Libre,Xiaomi,Redmi Note 11S,6,128,Gray,Yes,279.99
Nothing Phone (2) 12/512GB Blanco Libre,Nothing,Phone (2),12,512,White,Yes,799.0
Motorola Moto E32s 4/64GB Gris Libre,Motorola,Moto E32s,4,64,Gray,Yes,148.52
Nothing Phone (2) 12/256GB Blanco Libre,Nothing,Phone (2),12,256,White,Yes,699.0
Realme 9 Pro 5G 8/128GB Negro Libre,Realme,9 Pro,8,128,Black,Yes,352.59
Samsung Galaxy M23 5G 4/128GB Verde Libre,Samsung,Galaxy M23,4,128,Green,Yes,279.0
Xiaomi Redmi Note 12 Pro 8/256GB Gris Grafito Libre,Xiaomi,Redmi Note 12,8,256,Gray,Yes,329.99
POCO M4 5G 6/128GB Negro Libre,POCO,M4,6,128,Black,Yes,219.99
Realme C31 4/64GB Plata Libre,Realme,C31,4,64,Silver,Yes,172.59
Realme C55 8/256GB Rainy Night Libre,Realme,C55,8,256,Black,Yes,231.6
Xiaomi Redmi Note 12 Pro 5G 8/256GB Negro Libre,Xiaomi,Redmi Note 12,8,256,Black,Yes,382.99
Xiaomi Redmi Note 12 Pro 5G 8/256GB Azul Libre,Xiaomi,Redmi Note 12,8,256,Blue,Yes,399.91
Xiaomi Redmi Note 12 4/128GB Gris Libre,Xiaomi,Redmi Note 12,4,128,Gray,Yes,249.99
Apple iPhone 14 128GB Medianoche Libre,Apple,iPhone 14,,128,Black,Yes,1008.9999999999999
Xiaomi Redmi Note 12 Pro 8/256GB Azul Glaciar Libre,Xiaomi,Redmi Note 12,8,256,Blue,Yes,249.26
Samsung Galaxy M13 4/64GB Verde Libre,Samsung,Galaxy M13,4,64,Green,Yes,179.0
Xiaomi Redmi 10C 4/64GB Gris Libre,Xiaomi,Redmi 10C,4,64,Gray,Yes,179.99
Realme Narzo 50i Prime 3/32GB Azul Libre,Realme,Narzo 50i,3,32,Blue,Yes,141.6
Realme 11 Pro 5G 8/256GB Amoled FHD+ Curved Sunrise Beige Libre,Realme,11 Pro,8,256,White,Yes,401.6
POCO X5 Pro 5G 8/256GB Negro Libre + Cable USB-C a Jack,POCO,X5 Pro,8,256,Black,Yes,392.6
Xiaomi Redmi Note 11 4/128GB Gris Grafito Libre,Xiaomi,Redmi Note 11,4,128,Gray,Yes,219.99
Realme C53 6/128GB 33W Carga Rápida Dorado Libre,Realme,C53,6,128,Gold,Yes,181.6
Apple iPhone 14 Pro Max 256GB Negro Espacial Libre,Apple,iPhone 14,,256,Black,Yes,1599.0
Motorola Moto E20 2/32 GB Gris Grafito Libre,Motorola,Moto E20,2,32,Gray,Yes,106.0
Realme 10 AMOLED FHD+ 8/128GB Negro Libre,Realme,10 AMOLED,8,128,Black,Yes,281.6
Samsung Galaxy M53 5G 8/128GB Marrón Libre,Samsung,Galaxy M53,8,128,Brown,Yes,419.0
Realme 10 AMOLED FHD+ 8/128GB Blanco Libre,Realme,10 AMOLED,8,128,White,Yes,281.6
Realme C53 6/128GB 33W Carga Rápida Negro Libre,Realme,C53,6,128,Black,Yes,181.6
Apple iPhone 14 Pro Max 128GB Negro Espacial Libre,Apple,iPhone 14,,128,Black,Yes,1469.0
Realme 11 Pro Plus 5G 12/512GB Amoled FHD+ Curved Sunrise Beige Libre,Realme,11 Pro,12,512,White,Yes,521.6
Realme 10 AMOLED FHD+ 8/256GB Blanco Libre,Realme,10 AMOLED,8,256,White,Yes,301.6
POCO X5 Pro 5G 8/256GB Azul Libre + Cable USB-C a Jack,POCO,X5 Pro,8,256,Blue,Yes,391.99
Realme 10 AMOLED FHD+ 8/256GB Negro Libre,Realme,10 AMOLED,8,256,Black,Yes,299.0
POCO M4 5G 6/128GB Azul Libre,POCO,M4,6,128,Blue,Yes,219.99
Xiaomi Redmi Note 12 4/128GB Verde Libre,Xiaomi,Redmi Note 12,4,128,Green,Yes,168.9
Samsung Galaxy M33 5G 6/128GB Azul Libre,Samsung,Galaxy M33,6,128,Blue,Yes,299.0
Apple iPhone 14 Pro Max 128GB Oro Libre,Apple,iPhone 14,,128,Gold,Yes,1469.0
Realme C31 4/64GB Verde Libre,Realme,C31,4,64,Green,Yes,172.59
Xiaomi Redmi Note 12 4/128GB Azul Libre,Xiaomi,Redmi Note 12,4,128,Blue,Yes,249.99
Xiaomi Redmi 10C 4/128GB Azul Libre,Xiaomi,Redmi 10C,4,128,Blue,Yes,199.0
Realme 11 Pro Plus 5G 12/512GB Amoled FHD+ Curved Astral Black Libre,Realme,11 Pro,12,512,Black,Yes,521.6
Realme 9 5G 4/64GB Negro Libre,Realme,9,4,64,Black,Yes,262.58
Motorola Moto G23 8/128GB Gris Libre,Motorola,Moto G23,8,128,Gray,Yes,229.0
Realme C33 4/128GB Negro Libre,Realme,C33,4,128,Black,Yes,192.59
Realme Narzo 50A Prime FHD+ 4/64GB Azul Libre,Realme,Narzo 50A,4,64,Blue,Yes,172.59
Xiaomi Redmi 9C NFC 3/64GB Verde Libre,Xiaomi,Redmi 9C,3,64,Green,Yes,159.0
Realme 11 Pro 5G 8/256GB Amoled FHD+ Curved Astral Black Libre,Realme,11 Pro,8,256,Black,Yes,401.6
Xiaomi Redmi A1 2/32GB Negro Libre,Xiaomi,Redmi A1,2,32,Black,Yes,109.0
Motorola Moto G32 6/128GB Plata Libre,Motorola,Moto G32,6,128,Silver,Yes,209.0
POCO X5 5G 8/256GB Negro Libre + Cable USB-C a Jack,POCO,X5,8,256,Black,Yes,343.99
Xiaomi Redmi Note 12 Pro 5G 8/256GB Blanco Libre,Xiaomi,Redmi Note 12,8,256,White,Yes,329.37
Nothing Phone (2) 12/256GB Gris Oscuro Libre,Nothing,Phone (2),12,256,Gray,Yes,699.0
Motorola Moto G73 5G 8/256GB Midnight Blue Libre,Motorola,Moto G73,8,256,Gold,Yes,299.0
Samsung Galaxy A54 5G 8/128GB Negro Libre,Samsung,Galaxy A54,8,128,Black,Yes,377.96
Xiaomi Redmi A1 2/32GB Azul Claro Libre,Xiaomi,Redmi A1,2,32,Blue,Yes,109.0
Xiaomi Redmi A1 2/32GB Negro Libre + Cable USB-C a Jack,Xiaomi,Redmi A1,2,32,Black,Yes,109.0
Xiaomi Redmi A1 2/32GB Verde Claro Libre,Xiaomi,Redmi A1,2,32,Green,Yes,109.0
Xiaomi Redmi 12C 4/128GB Gris Libre,Xiaomi,Redmi 12C,4,128,Gray,Yes,123.0
Xiaomi Redmi 10A 2/32GB Gris Libre,Xiaomi,Redmi 10A,2,32,Gray,Yes,95.59
Realme 9 6/128GB Negro Libre,Realme,9,6,128,Black,Yes,281.6
Xiaomi Redmi Note 12 4/128GB Gris Libre + Cable USB-C a Jack,Xiaomi,Redmi Note 12,4,128,Gray,Yes,249.0
Xiaomi Redmi Note 12 5G 4/128GB Verde Libre + Cable USB-C a Jack,Xiaomi,Redmi Note 12,4,128,Green,Yes,279.0
Realme GT2 8/128GB Blanco Libre,Realme,GT2,8,128,White,Yes,552.59
Xiaomi Redmi Note 12 4/128GB Azul Libre + Cable USB-C a Jack,Xiaomi,Redmi Note 12,4,128,Blue,Yes,249.0
Xiaomi Redmi Note 12 Pro 8/256GB Blanco Polar Libre,Xiaomi,Redmi Note 12,8,256,White,Yes,261.95
Motorola Moto G13 4/128GB Gris Libre,Motorola,Moto G13,4,128,Gray,Yes,179.0
Xiaomi Redmi Note 12 4/64GB Azul Libre + Cable USB-C a Jack,Xiaomi,Redmi Note 12,4,64,Blue,Yes,229.0
Xiaomi Redmi 10A 4/128GB Gris Libre + Cable USB-C a Jack,Xiaomi,Redmi 10A,4,128,Gray,Yes,179.0
Realme Narzo 50A Prime FHD+ 4/64GB Negro Libre,Realme,Narzo 50A,4,64,Black,Yes,172.59
Realme C30 3/32GB Azul Libre,Realme,C30,3,32,Blue,Yes,142.59
Motorola Moto E13 2/64GB Negro Libre,Motorola,Moto E13,2,64,Black,Yes,119.0
Motorola Edge 30 Ultra 12/256GB Gris Libre,Motorola,Edge 30,12,256,Gray,Yes,899.0
Xiaomi Redmi 10A 3/64GB Gris Libre + Cable USB-C a Jack,Xiaomi,Redmi 10A,3,64,Gray,Yes,159.0
Realme C30 3/32GB Verde Libre,Realme,C30,3,32,Green,Yes,142.59
Xiaomi Redmi Note 12 4/64GB Gris Libre + Cable USB-C a Jack,Xiaomi,Redmi Note 12,4,64,Gray,Yes,229.0
Xiaomi Redmi 12C 3/64GB Gris Libre + Cable USB-C a Jack,Xiaomi,Redmi 12C,3,64,Gray,Yes,169.0
Xiaomi Redmi Note 11 Pro Plus 5G 8/256GB Gris Libre,Xiaomi,11 Pro,8,256,Gray,Yes,449.99
Xiaomi Redmi Note 12 Pro 5G 8/128GB Azul Libre + Cable USB-C a Jack,Xiaomi,Redmi Note 12,8,128,Blue,Yes,399.0
Realme GT Neo 3 5G 12/256GB Blanco Libre,Realme,GT Neo 3,12,256,White,Yes,702.59
Realme 9 5G 4/128GB Blanco Libre,Realme,9,4,128,White,Yes,282.58
Samsung Galaxy A34 5G 8/256GB Verde Libre + Protector Pantalla,Samsung,Galaxy A34,8,256,Green,Yes,469.0
Xiaomi Redmi Note 12 Pro Plus 5G 8/256GB Azul Libre,Xiaomi,Redmi Note 12,8,256,Blue,Yes,379.95
Xiaomi Redmi Note 12 Pro Plus 5G 8/256GB Negro Libre + Cable USB-C a Jack,Xiaomi,Redmi Note 12,8,256,Black,Yes,499.0
Xiaomi Redmi Note 11 Pro Plus 5G 8/256GB Verde Libre,Xiaomi,11 Pro,8,256,Green,Yes,449.99
Realme C33 4/128GB Dorado Libre,Realme,C33,4,128,Gold,Yes,192.59
Apple iPhone 14 Pro 128GB Negro Espacial Libre,Apple,iPhone 14,,128,Black,Yes,1319.0
POCO C40 4/64GB Amarillo Libre,POCO,C40,4,64,Yellow,Yes,169.99
Apple iPhone 14 Pro Max 256GB Oro Libre,Apple,iPhone 14,,256,Gold,Yes,1599.0
Xiaomi Redmi Note 12S 8/256GB Negro Ónix Libre,Xiaomi,Note 12S,8,256,Black,Yes,225.0
Realme GT2 12/256GB Blanco Libre,Realme,GT2,12,256,White,Yes,601.6
Apple iPhone 14 Pro Max 256GB Plata Libre,Apple,iPhone 14,,256,Silver,Yes,1599.0
Apple iPhone 14 128GB Blanco Estrella Libre,Apple,iPhone 14,,128,White,Yes,1008.9999999999999
Nothing Phone (2) 12/512GB Gris Oscuro Libre,Nothing,Phone (2),12,512,Gray,Yes,799.0
POCO F5 5G 12/256GB Negro Libre,POCO,F5,12,256,Black,Yes,479.99
Xiaomi Redmi Note 11 Pro Plus 5G 8/256GB Azul Libre,Xiaomi,11 Pro,8,256,Blue,Yes,449.99
Samsung Galaxy M53 5G 8/128GB Azul Libre,Samsung,Galaxy M53,8,128,Blue,Yes,413.0
